order_id,customer_id,order_date,product_category,product_price,quantity,payment_method,order_status,city,delivery_days
5001,275,2024-03-19,Electronics,2203,3,Cash,Returned,Mumbai,1
5002,296,2024-02-27,Clothing,1169,3,UPI,Cancelled,Delhi,3
5003,125,2024-12-01,Beauty,3897,1,Cash,Delivered,Bangalore,7
5004,167,2024-01-11,Books,2433,1,NetBanking,Cancelled,Mumbai,3
5005,311,2024-03-15,Clothing,2306,4,Cash,Cancelled,Delhi,6
5006,203,2024-05-07,Electronics,271,3,Card,Cancelled,Hyderabad,4
5007,448,2024-08-22,Electronics,4265,3,NetBanking,Cancelled,Pune,3
5008,285,2024-10-31,Home,4784,3,Cash,Cancelled,Mumbai,4
5009,498,2024-10-27,Clothing,3682,1,NetBanking,Cancelled,Bangalore,1
5010,123,2024-02-19,Beauty,951,3,Cash,Cancelled,Bangalore,8
5011,172,2024-01-30,Clothing,3068,4,UPI,Cancelled,Pune,6
5012,445,2024-10-14,Clothing,1596,2,Cash,Delivered,Mumbai,7
5013,466,2024-01-09,Clothing,2866,4,UPI,Cancelled,Pune,1
5014,142,2024-09-11,Beauty,2139,2,Card,Delivered,Mumbai,1
5015,318,2024-04-22,Electronics,4099,1,NetBanking,Delivered,Hyderabad,4
5016,492,2024-09-06,Home,4535,1,Cash,Returned,Mumbai,2
5017,267,2024-03-28,Electronics,3245,3,Cash,Returned,Mumbai,2
5018,168,2024-09-12,Home,3508,1,Cash,Returned,Bangalore,6
5019,483,2024-10-19,Books,1373,4,UPI,Returned,Pune,6
5020,491,2024-03-03,Home,266,3,Cash,Cancelled,Delhi,5
5021,100,2024-08-11,Clothing,723,1,Cash,Delivered,Hyderabad,9
5022,175,2024-10-25,Books,4834,3,NetBanking,Delivered,Delhi,1
5023,411,2024-12-05,Electronics,492,3,Cash,Returned,Hyderabad,2
5024,350,2024-11-28,Clothing,4831,1,UPI,Returned,Mumbai,6
5025,106,2024-08-18,Clothing,303,1,NetBanking,Returned,Bangalore,5
5026,375,2024-02-19,Beauty,2265,4,UPI,Returned,Delhi,8
5027,144,2024-03-02,Books,2712,4,NetBanking,Returned,Pune,4
5028,291,2024-04-22,Home,2040,1,Card,Delivered,Bangalore,4
5029,425,2024-07-16,Electronics,2300,1,Cash,Delivered,Bangalore,1
5030,412,2024-03-21,Books,2590,1,Card,Delivered,Pune,4
5031,252,2024-06-12,Electronics,676,1,Card,Delivered,Hyderabad,7
5032,283,2024-11-20,Electronics,231,4,UPI,Returned,Hyderabad,2
5033,212,2024-01-27,Beauty,4622,3,Card,Cancelled,Bangalore,6
5034,351,2024-09-30,Clothing,221,1,Card,Returned,Mumbai,2
5035,289,2024-11-03,Clothing,3659,4,UPI,Returned,Pune,6
5036,390,2024-03-26,Beauty,2876,2,Cash,Delivered,Hyderabad,7
5037,412,2024-07-15,Electronics,1855,3,Cash,Cancelled,Mumbai,7
5038,301,2024-07-29,Clothing,3340,3,Cash,Returned,Pune,7
5039,138,2024-08-13,Beauty,2976,1,NetBanking,Returned,Bangalore,3
5040,360,2024-01-04,Books,3476,3,Cash,Returned,Hyderabad,9
5041,237,2024-07-10,Home,1371,3,Cash,Cancelled,Hyderabad,1
5042,443,2024-11-30,Electronics,4032,1,Card,Returned,Bangalore,9
5043,295,2024-09-16,Electronics,491,3,Cash,Cancelled,Mumbai,1
5044,172,2024-02-19,Clothing,3858,1,UPI,Cancelled,Bangalore,9
5045,439,2024-05-14,Beauty,4615,1,Card,Cancelled,Delhi,5
5046,357,2024-03-27,Home,3928,1,Card,Cancelled,Delhi,2
5047,292,2024-07-18,Home,689,2,NetBanking,Cancelled,Bangalore,9
5048,474,2024-11-17,Home,3074,2,Cash,Returned,Hyderabad,2
5049,449,2024-03-18,Clothing,1994,3,Card,Delivered,Mumbai,2
5050,192,2024-12-05,Books,907,1,Card,Cancelled,Mumbai,2
5051,352,2024-04-12,Home,2039,3,Cash,Delivered,Pune,9
5052,171,2024-07-15,Books,3079,3,NetBanking,Delivered,Delhi,9
5053,379,2024-02-27,Beauty,3886,1,UPI,Returned,Hyderabad,8
5054,110,2024-07-27,Clothing,3482,4,Card,Delivered,Mumbai,8
5055,333,2024-02-06,Clothing,1540,2,NetBanking,Delivered,Pune,3
5056,391,2024-03-16,Books,2337,1,NetBanking,Cancelled,Bangalore,1
5057,417,2024-07-30,Books,755,3,Card,Delivered,Hyderabad,2
5058,491,2024-07-19,Clothing,4084,4,UPI,Cancelled,Pune,1
5059,251,2024-11-15,Beauty,4543,1,NetBanking,Returned,Delhi,9
5060,192,2024-12-20,Electronics,4103,2,Card,Cancelled,Bangalore,5
5061,347,2024-12-01,Electronics,3869,2,UPI,Returned,Pune,3
5062,324,2024-04-14,Home,1228,3,NetBanking,Delivered,Bangalore,4
5063,249,2024-05-11,Books,426,1,NetBanking,Delivered,Hyderabad,7
5064,456,2024-06-02,Home,1331,1,UPI,Returned,Delhi,4
5065,167,2024-05-10,Home,1323,2,Cash,Delivered,Hyderabad,3
5066,479,2024-06-10,Electronics,4818,1,NetBanking,Delivered,Delhi,5
5067,319,2024-04-15,Books,1725,4,UPI,Cancelled,Hyderabad,9
5068,119,2024-04-17,Beauty,2439,2,Cash,Delivered,Mumbai,4
5069,104,2024-08-10,Books,3488,2,NetBanking,Delivered,Pune,9
5070,375,2024-11-15,Electronics,537,3,Cash,Delivered,Delhi,6
5071,133,2024-12-08,Electronics,1667,2,Cash,Cancelled,Hyderabad,3
5072,223,2024-01-26,Clothing,4454,4,Card,Delivered,Mumbai,5
5073,386,2024-09-01,Home,4894,3,NetBanking,Returned,Mumbai,6
5074,285,2024-10-24,Home,1797,2,Cash,Returned,Hyderabad,6
5075,329,2024-12-08,Beauty,1748,1,Cash,Delivered,Pune,6
5076,429,2024-08-23,Clothing,3337,3,NetBanking,Returned,Bangalore,3
5077,483,2024-01-25,Books,783,1,UPI,Cancelled,Mumbai,2
5078,230,2024-08-11,Books,3117,2,UPI,Cancelled,Delhi,9
5079,183,2024-03-02,Clothing,4063,4,NetBanking,Returned,Hyderabad,4
5080,121,2024-03-15,Books,4399,1,NetBanking,Delivered,Pune,9
5081,219,2024-02-28,Clothing,2981,3,UPI,Cancelled,Hyderabad,4
5082,167,2024-08-27,Books,1061,1,Cash,Returned,Mumbai,6
5083,303,2024-02-01,Clothing,911,2,Cash,Delivered,Pune,9
5084,147,2024-06-02,Home,4057,2,UPI,Cancelled,Bangalore,6
5085,372,2024-03-27,Clothing,4051,2,NetBanking,Delivered,Delhi,3
5086,112,2024-10-19,Home,3791,2,UPI,Delivered,Bangalore,6
5087,449,2024-12-08,Clothing,685,3,UPI,Delivered,Mumbai,2
5088,207,2024-04-05,Beauty,2260,2,Card,Cancelled,Pune,2
5089,333,2024-04-04,Home,4643,1,Card,Cancelled,Delhi,7
5090,493,2024-07-02,Electronics,4149,2,NetBanking,Returned,Pune,9
5091,432,2024-06-05,Home,728,1,Cash,Cancelled,Pune,2
5092,423,2024-02-06,Clothing,1335,4,NetBanking,Cancelled,Bangalore,6
5093,210,2024-09-28,Electronics,1613,4,UPI,Returned,Mumbai,4
5094,242,2024-07-27,Beauty,2879,2,UPI,Cancelled,Delhi,3
5095,224,2024-06-22,Beauty,319,2,UPI,Delivered,Bangalore,5
5096,376,2024-01-22,Electronics,866,1,Card,Cancelled,Hyderabad,6
5097,409,2024-09-15,Clothing,4700,4,UPI,Delivered,Delhi,5
5098,499,2024-05-29,Books,2344,2,Cash,Returned,Pune,1
5099,415,2024-01-30,Clothing,2557,1,NetBanking,Returned,Bangalore,4
5100,135,2024-01-05,Home,2987,4,NetBanking,Cancelled,Delhi,7
5101,404,2024-05-29,Electronics,3328,1,NetBanking,Returned,Hyderabad,8
5102,360,2024-11-12,Clothing,1198,3,Cash,Delivered,Mumbai,9
5103,399,2024-10-28,Home,949,4,UPI,Cancelled,Bangalore,1
5104,350,2024-02-19,Home,4986,3,UPI,Cancelled,Delhi,8
5105,154,2024-11-23,Clothing,1453,4,NetBanking,Cancelled,Mumbai,8
5106,143,2024-10-03,Clothing,1608,2,NetBanking,Delivered,Mumbai,9
5107,315,2024-07-31,Home,3507,3,UPI,Cancelled,Bangalore,4
5108,139,2024-11-30,Electronics,4545,4,Cash,Returned,Pune,5
5109,231,2024-11-18,Electronics,743,3,UPI,Returned,Pune,3
5110,496,2024-02-17,Home,753,1,Card,Returned,Pune,7
5111,435,2024-01-09,Books,368,1,Cash,Cancelled,Pune,2
5112,385,2024-03-12,Books,4485,1,UPI,Delivered,Pune,5
5113,236,2024-01-23,Beauty,1183,2,Cash,Delivered,Mumbai,8
5114,154,2024-06-15,Clothing,1909,2,Cash,Cancelled,Bangalore,9
5115,266,2024-09-26,Clothing,504,1,Cash,Returned,Pune,3
5116,473,2024-09-26,Books,4513,3,UPI,Delivered,Mumbai,4
5117,298,2024-09-27,Clothing,2528,3,NetBanking,Returned,Mumbai,9
5118,249,2024-03-21,Beauty,3677,2,Card,Delivered,Mumbai,3
5119,144,2024-01-07,Home,2645,1,UPI,Delivered,Hyderabad,4
5120,235,2024-06-05,Beauty,1613,2,UPI,Cancelled,Hyderabad,6
5121,309,2024-11-02,Clothing,924,2,Card,Delivered,Pune,1
5122,297,2024-02-08,Electronics,1338,1,Cash,Cancelled,Hyderabad,6
5123,200,2024-03-03,Electronics,593,1,Cash,Delivered,Mumbai,5
5124,280,2024-05-12,Clothing,1298,4,UPI,Delivered,Delhi,7
5125,269,2024-10-30,Electronics,3989,2,UPI,Delivered,Bangalore,8
5126,129,2024-04-13,Books,1547,3,Cash,Delivered,Pune,3
5127,382,2024-02-26,Home,786,1,Cash,Cancelled,Pune,5
5128,420,2024-02-12,Home,3471,3,UPI,Returned,Delhi,3
5129,352,2024-07-14,Electronics,2536,1,NetBanking,Returned,Bangalore,5
5130,290,2024-07-30,Electronics,1227,1,Cash,Returned,Mumbai,5
5131,314,2024-11-27,Home,314,3,Cash,Cancelled,Delhi,5
5132,326,2024-04-04,Clothing,232,1,UPI,Cancelled,Hyderabad,6
5133,112,2024-07-10,Home,3255,1,UPI,Cancelled,Mumbai,5
5134,234,2024-09-29,Beauty,2474,4,Card,Returned,Delhi,2
5135,206,2024-11-18,Beauty,1893,1,Card,Returned,Delhi,3
5136,210,2024-03-15,Clothing,2556,1,Cash,Returned,Bangalore,1
5137,472,2024-09-21,Clothing,1507,3,Card,Returned,Delhi,9
5138,449,2024-06-17,Electronics,3603,3,NetBanking,Returned,Mumbai,1
5139,334,2024-05-10,Books,1312,1,NetBanking,Returned,Bangalore,2
5140,117,2024-06-20,Clothing,3586,4,Cash,Delivered,Delhi,9
5141,105,2024-02-01,Electronics,3065,3,UPI,Cancelled,Pune,5
5142,435,2024-03-10,Clothing,3626,1,Card,Cancelled,Pune,4
5143,149,2024-03-11,Beauty,3035,2,UPI,Returned,Mumbai,3
5144,432,2024-03-13,Beauty,3763,3,NetBanking,Cancelled,Mumbai,4
5145,205,2024-06-16,Beauty,415,1,Cash,Delivered,Hyderabad,7
5146,282,2024-05-27,Home,4334,1,NetBanking,Cancelled,Bangalore,5
5147,275,2024-08-19,Electronics,813,2,UPI,Delivered,Delhi,6
5148,187,2024-06-20,Electronics,4699,3,UPI,Delivered,Bangalore,2
5149,249,2024-08-17,Beauty,581,1,UPI,Delivered,Pune,9
5150,360,2024-03-26,Clothing,463,1,Card,Returned,Delhi,2
5151,176,2024-06-25,Home,4861,4,Cash,Returned,Mumbai,4
5152,333,2024-02-22,Home,3256,2,Cash,Delivered,Mumbai,3
5153,431,2024-06-10,Beauty,3250,4,UPI,Delivered,Pune,5
5154,362,2024-08-09,Electronics,4784,1,UPI,Delivered,Delhi,7
5155,476,2024-05-18,Beauty,1691,3,NetBanking,Delivered,Mumbai,3
5156,325,2024-09-05,Home,4838,2,UPI,Returned,Pune,7
5157,185,2024-05-27,Beauty,1492,4,UPI,Returned,Hyderabad,7
5158,258,2024-03-30,Books,3795,3,UPI,Returned,Mumbai,6
5159,463,2024-05-29,Home,1364,3,Cash,Cancelled,Delhi,8
5160,412,2024-12-13,Books,1033,1,NetBanking,Delivered,Mumbai,7
5161,407,2024-07-31,Electronics,3190,4,NetBanking,Delivered,Bangalore,5
5162,347,2024-08-26,Beauty,1843,3,NetBanking,Delivered,Bangalore,5
5163,283,2024-01-24,Home,4798,3,Card,Delivered,Pune,9
5164,221,2024-01-04,Books,546,4,NetBanking,Returned,Hyderabad,4
5165,496,2024-10-09,Books,1504,2,Cash,Returned,Bangalore,6
5166,176,2024-04-15,Beauty,1779,3,Card,Returned,Mumbai,4
5167,465,2024-10-05,Clothing,1016,3,Card,Delivered,Bangalore,1
5168,299,2024-12-24,Books,3802,3,Card,Returned,Delhi,5
5169,185,2024-04-03,Electronics,3271,1,NetBanking,Returned,Bangalore,9
5170,286,2024-01-27,Home,4761,1,Card,Cancelled,Hyderabad,5
5171,397,2024-03-26,Clothing,3275,3,Card,Delivered,Pune,2
5172,330,2024-12-13,Books,3701,2,UPI,Cancelled,Pune,6
5173,499,2024-11-18,Books,846,3,Cash,Cancelled,Mumbai,8
5174,399,2024-12-25,Electronics,1654,1,NetBanking,Cancelled,Bangalore,6
5175,415,2024-03-28,Home,1403,1,Card,Cancelled,Mumbai,7
5176,438,2024-03-03,Books,359,1,Cash,Cancelled,Pune,3
5177,163,2024-12-21,Home,1672,4,Card,Returned,Bangalore,4
5178,489,2024-10-01,Home,2392,2,NetBanking,Cancelled,Delhi,9
5179,135,2024-10-14,Home,4285,1,Cash,Delivered,Bangalore,3
5180,177,2024-08-12,Beauty,3960,2,NetBanking,Returned,Delhi,9
5181,388,2024-03-20,Beauty,4353,2,Cash,Cancelled,Pune,7
5182,217,2024-12-30,Clothing,2261,1,Cash,Delivered,Bangalore,9
5183,315,2024-04-16,Clothing,1835,2,UPI,Delivered,Pune,2
5184,261,2024-10-13,Electronics,3758,2,NetBanking,Cancelled,Delhi,3
5185,145,2024-09-28,Books,1245,1,Cash,Cancelled,Delhi,5
5186,216,2024-07-20,Beauty,1504,4,NetBanking,Delivered,Bangalore,6
5187,498,2024-02-05,Beauty,4323,4,Card,Delivered,Pune,6
5188,145,2024-05-24,Clothing,4059,1,UPI,Returned,Mumbai,7
5189,461,2024-11-01,Books,882,3,UPI,Delivered,Delhi,5
5190,142,2024-06-09,Beauty,3479,2,Card,Cancelled,Pune,1
5191,452,2024-05-20,Books,1897,2,Cash,Returned,Delhi,9
5192,390,2024-01-12,Books,4380,4,Cash,Returned,Pune,7
5193,195,2024-07-10,Books,2428,4,NetBanking,Cancelled,Mumbai,2
5194,468,2024-06-06,Electronics,4167,1,UPI,Cancelled,Pune,8
5195,283,2024-06-12,Books,2397,2,UPI,Delivered,Bangalore,9
5196,330,2024-01-17,Electronics,4530,2,NetBanking,Cancelled,Mumbai,6
5197,365,2024-05-29,Beauty,4024,4,Card,Returned,Pune,2
5198,369,2024-12-11,Books,2176,3,Card,Returned,Pune,5
5199,441,2024-06-11,Home,1107,4,Cash,Delivered,Hyderabad,2
5200,101,2024-02-22,Books,1869,3,UPI,Delivered,Bangalore,2
5201,387,2024-07-21,Beauty,4370,1,Cash,Cancelled,Pune,3
5202,498,2024-04-01,Electronics,328,2,UPI,Cancelled,Bangalore,1
5203,308,2024-05-01,Books,2322,2,Card,Cancelled,Hyderabad,6
5204,148,2024-06-30,Books,4738,2,Cash,Cancelled,Hyderabad,5
5205,253,2024-09-30,Electronics,4317,3,Cash,Cancelled,Bangalore,4
5206,261,2024-01-23,Books,3713,1,NetBanking,Delivered,Delhi,5
5207,355,2024-10-30,Beauty,1681,1,Card,Cancelled,Hyderabad,4
5208,438,2024-04-01,Home,760,4,UPI,Cancelled,Hyderabad,2
5209,164,2024-01-04,Clothing,2451,2,Card,Cancelled,Bangalore,9
5210,414,2024-07-24,Clothing,982,3,Cash,Returned,Bangalore,2
5211,366,2024-03-14,Books,4114,1,Cash,Cancelled,Hyderabad,7
5212,127,2024-01-15,Home,1279,1,UPI,Cancelled,Mumbai,1
5213,256,2024-03-18,Beauty,3699,1,Cash,Returned,Mumbai,8
5214,108,2024-10-24,Books,2021,1,UPI,Returned,Pune,6
5215,347,2024-12-26,Beauty,4157,2,Card,Delivered,Bangalore,5
5216,200,2024-06-07,Clothing,3292,4,UPI,Delivered,Mumbai,5
5217,354,2024-04-13,Electronics,3833,2,NetBanking,Cancelled,Delhi,3
5218,410,2024-10-03,Beauty,953,3,NetBanking,Returned,Hyderabad,3
5219,398,2024-08-20,Electronics,276,1,Card,Returned,Hyderabad,4
5220,448,2024-12-02,Electronics,1752,3,NetBanking,Cancelled,Delhi,6
5221,107,2024-08-12,Clothing,284,1,UPI,Delivered,Hyderabad,3
5222,341,2024-12-11,Home,2360,1,NetBanking,Delivered,Mumbai,2
5223,243,2024-07-14,Home,3735,1,Card,Cancelled,Bangalore,4
5224,228,2024-05-13,Books,3296,1,Cash,Returned,Delhi,7
5225,310,2024-07-02,Books,1627,1,Card,Cancelled,Mumbai,5
5226,331,2024-08-13,Beauty,4392,4,NetBanking,Returned,Bangalore,9
5227,276,2024-05-16,Beauty,3669,1,Cash,Cancelled,Delhi,1
5228,144,2024-08-09,Beauty,1704,4,Cash,Cancelled,Mumbai,2
5229,109,2024-09-26,Beauty,4939,2,Cash,Delivered,Bangalore,5
5230,402,2024-08-27,Books,452,2,UPI,Delivered,Pune,8
5231,276,2024-10-31,Beauty,1351,4,Cash,Returned,Bangalore,2
5232,227,2024-02-09,Books,217,4,Card,Cancelled,Mumbai,6
5233,105,2024-08-23,Beauty,2462,1,UPI,Delivered,Pune,9
5234,244,2024-10-31,Clothing,4131,3,Card,Delivered,Bangalore,6
5235,111,2024-04-12,Beauty,468,3,Cash,Returned,Bangalore,8
5236,462,2024-01-30,Beauty,2416,2,UPI,Delivered,Pune,8
5237,260,2024-08-13,Books,4151,4,Cash,Returned,Pune,7
5238,396,2024-01-13,Books,2179,1,Cash,Cancelled,Hyderabad,3
5239,136,2024-02-27,Books,244,4,NetBanking,Cancelled,Pune,6
5240,169,2024-06-17,Electronics,3872,1,NetBanking,Delivered,Delhi,8
5241,463,2024-04-30,Home,629,3,UPI,Cancelled,Hyderabad,6
5242,193,2024-03-06,Books,255,2,NetBanking,Delivered,Pune,8
5243,149,2024-03-26,Clothing,3409,3,UPI,Cancelled,Delhi,4
5244,417,2024-08-07,Beauty,2609,1,Card,Returned,Delhi,5
5245,466,2024-02-11,Home,4811,3,Card,Cancelled,Delhi,2
5246,323,2024-08-08,Home,745,1,Card,Cancelled,Hyderabad,2
5247,235,2024-04-07,Clothing,1036,4,Card,Delivered,Pune,4
5248,192,2024-09-25,Home,4095,2,Card,Cancelled,Delhi,3
5249,414,2024-05-14,Electronics,4851,2,Card,Returned,Mumbai,7
5250,278,2024-12-21,Clothing,3002,4,Card,Cancelled,Mumbai,2
5251,276,2024-05-03,Clothing,4678,4,Cash,Delivered,Bangalore,3
5252,434,2024-02-24,Beauty,4235,4,Cash,Returned,Hyderabad,5
5253,147,2024-08-25,Clothing,346,2,Cash,Returned,Bangalore,5
5254,226,2024-06-02,Clothing,770,2,UPI,Cancelled,Pune,5
5255,311,2024-08-02,Beauty,3211,2,Card,Cancelled,Pune,4
5256,205,2024-07-28,Home,4909,4,NetBanking,Delivered,Bangalore,1
5257,177,2024-02-18,Beauty,3225,4,UPI,Cancelled,Mumbai,8
5258,124,2024-06-15,Electronics,2383,1,UPI,Returned,Hyderabad,8
5259,167,2024-07-01,Beauty,1718,4,NetBanking,Cancelled,Delhi,8
5260,491,2024-08-09,Beauty,2114,4,Cash,Cancelled,Mumbai,7
5261,149,2024-04-06,Beauty,3072,4,Cash,Returned,Mumbai,2
5262,133,2024-03-11,Clothing,1487,3,UPI,Cancelled,Mumbai,7
5263,431,2024-05-04,Clothing,2354,1,Card,Returned,Mumbai,4
5264,447,2024-07-27,Home,1455,3,NetBanking,Delivered,Pune,7
5265,168,2024-07-03,Books,919,4,Cash,Returned,Bangalore,6
5266,330,2024-11-29,Electronics,2290,1,UPI,Returned,Mumbai,5
5267,195,2024-09-27,Clothing,813,3,Cash,Cancelled,Bangalore,5
5268,225,2024-01-02,Beauty,2743,2,Cash,Returned,Bangalore,9
5269,351,2024-01-31,Clothing,4102,4,Card,Cancelled,Delhi,3
5270,161,2024-07-28,Books,2770,4,Card,Cancelled,Delhi,2
5271,450,2024-12-19,Electronics,1008,4,Cash,Returned,Hyderabad,8
5272,178,2024-02-29,Books,4875,2,UPI,Returned,Delhi,7
5273,464,2024-04-25,Clothing,919,2,Card,Cancelled,Delhi,2
5274,176,2024-03-24,Home,1244,2,UPI,Cancelled,Bangalore,5
5275,469,2024-04-16,Electronics,1558,1,UPI,Returned,Pune,3
5276,222,2024-06-05,Electronics,2524,1,Cash,Returned,Delhi,7
5277,480,2024-09-18,Books,496,3,NetBanking,Cancelled,Hyderabad,8
5278,453,2024-05-28,Electronics,4942,2,NetBanking,Cancelled,Mumbai,1
5279,108,2024-12-05,Beauty,665,4,Cash,Cancelled,Mumbai,8
5280,280,2024-02-10,Clothing,1058,1,NetBanking,Delivered,Mumbai,7
5281,194,2024-11-10,Books,4230,3,NetBanking,Cancelled,Mumbai,3
5282,453,2024-02-15,Clothing,2366,3,Card,Cancelled,Bangalore,2
5283,307,2024-12-01,Electronics,3864,4,NetBanking,Cancelled,Bangalore,1
5284,284,2024-09-28,Clothing,3573,4,UPI,Returned,Delhi,9
5285,281,2024-02-23,Books,3519,4,NetBanking,Delivered,Delhi,4
5286,134,2024-03-22,Books,1192,4,UPI,Cancelled,Mumbai,1
5287,368,2024-09-22,Clothing,1771,2,NetBanking,Delivered,Hyderabad,3
5288,360,2024-10-08,Beauty,2630,1,UPI,Cancelled,Hyderabad,8
5289,144,2024-10-16,Books,2585,4,NetBanking,Cancelled,Mumbai,2
5290,411,2024-05-01,Home,269,4,NetBanking,Cancelled,Hyderabad,8
5291,376,2024-02-08,Books,3187,2,Card,Cancelled,Mumbai,2
5292,399,2024-09-13,Electronics,4747,3,Card,Cancelled,Delhi,5
5293,374,2024-11-16,Electronics,3299,3,UPI,Returned,Hyderabad,4
5294,284,2024-05-16,Electronics,406,1,NetBanking,Delivered,Mumbai,8
5295,249,2024-05-05,Clothing,768,1,UPI,Cancelled,Mumbai,1
5296,221,2024-08-08,Clothing,2118,1,Cash,Returned,Pune,5
5297,118,2024-04-02,Electronics,1002,3,NetBanking,Cancelled,Delhi,7
5298,459,2024-08-12,Books,3218,4,UPI,Cancelled,Pune,8
5299,347,2024-07-28,Home,924,2,Cash,Cancelled,Delhi,7
5300,105,2024-08-13,Books,1237,2,UPI,Returned,Mumbai,9
5301,233,2024-05-15,Clothing,4474,4,UPI,Returned,Pune,2
5302,426,2024-05-12,Home,4691,2,Card,Cancelled,Pune,8
5303,257,2024-03-10,Clothing,4156,4,Cash,Delivered,Mumbai,3
5304,346,2024-11-12,Home,3997,1,NetBanking,Returned,Pune,5
5305,168,2024-02-17,Home,1097,1,UPI,Delivered,Delhi,3
5306,338,2024-08-17,Beauty,2709,1,UPI,Delivered,Bangalore,7
5307,202,2024-11-14,Beauty,4635,1,UPI,Delivered,Pune,2
5308,305,2024-01-31,Electronics,1778,4,NetBanking,Returned,Hyderabad,7
5309,496,2024-11-01,Clothing,4566,1,UPI,Cancelled,Hyderabad,3
5310,410,2024-12-19,Books,3201,2,Card,Cancelled,Hyderabad,2
5311,188,2024-03-02,Books,4194,2,Cash,Returned,Hyderabad,9
5312,191,2024-01-01,Clothing,4577,2,Cash,Returned,Hyderabad,7
5313,116,2024-02-09,Books,4062,3,NetBanking,Returned,Hyderabad,1
5314,480,2024-12-02,Clothing,3281,2,Card,Cancelled,Bangalore,3
5315,233,2024-02-26,Electronics,1128,1,NetBanking,Delivered,Mumbai,6
5316,204,2024-11-28,Books,2644,2,NetBanking,Delivered,Mumbai,1
5317,193,2024-03-08,Clothing,1704,3,NetBanking,Returned,Pune,7
5318,173,2024-03-25,Beauty,2133,4,UPI,Delivered,Hyderabad,4
5319,283,2024-05-12,Home,4337,2,NetBanking,Returned,Bangalore,9
5320,395,2024-01-07,Electronics,2945,4,Cash,Delivered,Bangalore,3
5321,306,2024-06-14,Beauty,2463,1,NetBanking,Returned,Bangalore,5
5322,290,2024-09-01,Home,491,1,Cash,Cancelled,Mumbai,9
5323,486,2024-05-14,Beauty,1135,1,UPI,Returned,Delhi,3
5324,137,2024-01-07,Clothing,1072,1,Cash,Returned,Mumbai,8
5325,442,2024-10-30,Beauty,522,4,NetBanking,Returned,Hyderabad,3
5326,341,2024-12-23,Beauty,3964,1,UPI,Returned,Mumbai,5
5327,402,2024-02-22,Home,2659,1,NetBanking,Returned,Pune,6
5328,365,2024-06-23,Electronics,4780,1,Cash,Cancelled,Hyderabad,5
5329,263,2024-11-27,Books,2029,1,NetBanking,Delivered,Pune,4
5330,115,2024-10-07,Books,4730,2,UPI,Delivered,Hyderabad,4
5331,260,2024-02-18,Clothing,3951,4,Card,Cancelled,Bangalore,9
5332,455,2024-05-02,Beauty,565,3,Cash,Cancelled,Bangalore,3
5333,298,2024-05-23,Electronics,2940,1,Cash,Delivered,Hyderabad,2
5334,484,2024-04-19,Clothing,4596,3,NetBanking,Cancelled,Delhi,8
5335,312,2024-08-23,Electronics,4531,1,NetBanking,Returned,Bangalore,8
5336,133,2024-03-20,Electronics,1615,3,UPI,Delivered,Mumbai,6
5337,121,2024-09-02,Beauty,4622,3,Cash,Delivered,Bangalore,6
5338,422,2024-11-17,Clothing,1616,4,NetBanking,Cancelled,Bangalore,5
5339,367,2024-06-06,Books,3406,1,UPI,Delivered,Pune,9
5340,403,2024-10-10,Books,4730,2,NetBanking,Returned,Pune,2
5341,239,2024-10-29,Clothing,2639,4,Cash,Returned,Mumbai,9
5342,136,2024-06-29,Clothing,748,4,UPI,Cancelled,Mumbai,1
5343,337,2024-05-11,Books,2709,2,Cash,Returned,Mumbai,8
5344,271,2024-06-04,Books,3405,3,NetBanking,Cancelled,Delhi,9
5345,353,2024-05-24,Electronics,2214,2,Card,Delivered,Bangalore,7
5346,299,2024-09-03,Electronics,4362,4,Card,Delivered,Pune,5
5347,409,2024-07-06,Beauty,1702,3,Card,Returned,Delhi,4
5348,363,2024-12-26,Beauty,1799,4,Cash,Delivered,Hyderabad,8
5349,226,2024-03-21,Clothing,3566,2,Cash,Delivered,Pune,4
5350,375,2024-11-23,Books,3981,1,UPI,Delivered,Delhi,9
5351,442,2024-08-28,Books,325,2,Card,Returned,Pune,7
5352,401,2024-03-18,Home,3998,4,UPI,Cancelled,Bangalore,5
5353,327,2024-11-27,Electronics,2333,1,Card,Cancelled,Pune,9
5354,482,2024-09-07,Clothing,1750,1,UPI,Delivered,Hyderabad,4
5355,437,2024-01-19,Electronics,4133,4,Card,Cancelled,Delhi,9
5356,133,2024-09-22,Home,3986,1,NetBanking,Delivered,Delhi,7
5357,364,2024-10-27,Electronics,696,2,NetBanking,Cancelled,Mumbai,1
5358,472,2024-05-06,Books,1414,2,UPI,Delivered,Mumbai,9
5359,307,2024-09-22,Home,4097,1,Cash,Returned,Bangalore,7
5360,374,2024-05-10,Home,3830,1,Card,Returned,Mumbai,2
5361,181,2024-12-19,Books,376,1,Card,Delivered,Pune,1
5362,203,2024-03-09,Electronics,2794,1,NetBanking,Delivered,Hyderabad,7
5363,484,2024-09-15,Home,3408,4,UPI,Delivered,Hyderabad,5
5364,172,2024-11-18,Electronics,4529,4,UPI,Delivered,Bangalore,2
5365,497,2024-11-01,Books,4804,3,NetBanking,Cancelled,Delhi,1
5366,252,2024-07-13,Electronics,830,3,Cash,Delivered,Delhi,6
5367,368,2024-06-01,Books,2102,4,NetBanking,Delivered,Bangalore,4
5368,277,2024-09-10,Books,1568,1,Cash,Delivered,Delhi,8
5369,326,2024-09-11,Home,1368,2,UPI,Returned,Hyderabad,9
5370,295,2024-08-04,Electronics,3546,2,Card,Returned,Pune,9
5371,224,2024-11-01,Books,4613,3,Cash,Delivered,Delhi,1
5372,196,2024-06-23,Clothing,4151,2,Cash,Delivered,Mumbai,3
5373,318,2024-06-29,Electronics,4922,1,Card,Returned,Delhi,1
5374,437,2024-05-02,Books,2256,2,Cash,Delivered,Mumbai,5
5375,303,2024-07-21,Clothing,3830,1,Card,Delivered,Pune,9
5376,229,2024-07-18,Beauty,4987,3,Card,Returned,Bangalore,7
5377,393,2024-01-20,Books,2622,2,Card,Delivered,Bangalore,7
5378,393,2024-05-06,Clothing,575,2,Card,Returned,Hyderabad,3
5379,447,2024-05-10,Home,3935,2,NetBanking,Cancelled,Delhi,5
5380,311,2024-07-20,Electronics,4721,1,UPI,Returned,Delhi,9
5381,143,2024-10-20,Home,978,1,Card,Cancelled,Hyderabad,4
5382,278,2024-10-26,Beauty,1838,1,NetBanking,Cancelled,Hyderabad,1
5383,440,2024-08-01,Clothing,1833,1,UPI,Cancelled,Mumbai,9
5384,294,2024-06-30,Beauty,2223,3,NetBanking,Delivered,Mumbai,1
5385,211,2024-06-24,Home,4754,2,Cash,Returned,Hyderabad,6
5386,236,2024-05-16,Home,4386,1,UPI,Cancelled,Pune,2
5387,350,2024-06-08,Home,1943,1,NetBanking,Delivered,Bangalore,2
5388,162,2024-10-10,Books,1340,3,Card,Returned,Hyderabad,6
5389,184,2024-11-18,Home,3380,1,UPI,Cancelled,Bangalore,2
5390,413,2024-03-26,Electronics,3527,1,UPI,Delivered,Pune,9
5391,483,2024-08-04,Clothing,830,3,NetBanking,Cancelled,Mumbai,7
5392,260,2024-03-08,Beauty,2562,3,NetBanking,Delivered,Bangalore,6
5393,354,2024-02-24,Electronics,4412,2,Card,Cancelled,Delhi,2
5394,478,2024-01-23,Clothing,554,2,NetBanking,Delivered,Bangalore,2
5395,337,2024-10-24,Beauty,2090,4,UPI,Delivered,Bangalore,4
5396,422,2024-06-12,Books,2345,4,Card,Returned,Mumbai,4
5397,480,2024-09-21,Electronics,1071,4,Card,Returned,Bangalore,5
5398,295,2024-01-23,Electronics,4274,3,Cash,Delivered,Mumbai,4
5399,128,2024-11-22,Home,3750,1,UPI,Cancelled,Bangalore,7
5400,281,2024-11-21,Home,483,3,Card,Returned,Mumbai,9
5401,179,2024-12-09,Beauty,618,4,Cash,Cancelled,Pune,2
5402,202,2024-10-15,Beauty,3728,3,NetBanking,Delivered,Pune,1
5403,429,2024-06-20,Beauty,3901,4,Card,Delivered,Bangalore,6
5404,461,2024-06-22,Beauty,2378,3,NetBanking,Returned,Delhi,8
5405,141,2024-11-12,Clothing,3602,4,NetBanking,Returned,Delhi,3
5406,392,2024-06-19,Books,2860,4,Cash,Delivered,Mumbai,5
5407,368,2024-09-17,Home,1467,1,Cash,Delivered,Bangalore,4
5408,454,2024-09-07,Beauty,2394,1,NetBanking,Delivered,Hyderabad,4
5409,264,2024-03-21,Electronics,405,3,NetBanking,Delivered,Mumbai,1
5410,442,2024-05-10,Beauty,2840,4,Card,Delivered,Hyderabad,7
5411,297,2024-03-10,Beauty,576,4,NetBanking,Cancelled,Bangalore,4
5412,159,2024-06-24,Books,1447,1,Card,Returned,Mumbai,2
5413,435,2024-02-25,Books,3298,4,Card,Returned,Hyderabad,8
5414,231,2024-04-03,Electronics,4336,3,UPI,Returned,Bangalore,8
5415,265,2024-06-01,Electronics,4784,1,Cash,Delivered,Delhi,2
5416,470,2024-07-31,Clothing,2647,4,UPI,Returned,Hyderabad,7
5417,186,2024-10-31,Home,1782,3,Cash,Cancelled,Bangalore,4
5418,274,2024-12-04,Clothing,1945,4,NetBanking,Returned,Hyderabad,3
5419,114,2024-11-17,Clothing,914,3,UPI,Cancelled,Bangalore,4
5420,247,2024-11-30,Home,1184,3,UPI,Delivered,Pune,7
5421,278,2024-03-02,Clothing,1717,4,NetBanking,Cancelled,Mumbai,5
5422,464,2024-05-03,Beauty,3400,1,UPI,Returned,Pune,6
5423,393,2024-03-29,Clothing,1507,3,UPI,Returned,Delhi,1
5424,413,2024-03-10,Beauty,3196,2,NetBanking,Delivered,Pune,7
5425,443,2024-04-15,Clothing,1169,1,NetBanking,Cancelled,Mumbai,8
5426,169,2024-10-15,Electronics,310,1,Card,Delivered,Bangalore,3
5427,316,2024-03-09,Electronics,2027,1,Card,Delivered,Delhi,9
5428,367,2024-05-28,Electronics,3450,4,Card,Delivered,Delhi,1
5429,126,2024-07-10,Books,640,4,Cash,Returned,Mumbai,2
5430,390,2024-06-08,Clothing,3851,3,NetBanking,Returned,Pune,2
5431,180,2024-12-30,Home,706,3,UPI,Delivered,Delhi,9
5432,397,2024-08-26,Clothing,4635,4,Cash,Cancelled,Bangalore,2
5433,439,2024-02-02,Clothing,654,3,Card,Cancelled,Pune,1
5434,390,2024-04-03,Clothing,2448,1,UPI,Delivered,Hyderabad,3
5435,430,2024-07-21,Electronics,4971,4,Cash,Cancelled,Bangalore,8
5436,424,2024-04-29,Electronics,2777,4,Card,Delivered,Mumbai,7
5437,295,2024-10-10,Home,3363,2,Cash,Delivered,Bangalore,9
5438,104,2024-05-31,Clothing,341,4,NetBanking,Cancelled,Mumbai,6
5439,204,2024-12-03,Clothing,4893,4,Cash,Returned,Pune,5
5440,235,2024-12-26,Electronics,4463,2,Card,Delivered,Delhi,4
5441,334,2024-03-26,Beauty,945,3,NetBanking,Delivered,Mumbai,2
5442,414,2024-06-15,Clothing,1477,3,NetBanking,Returned,Hyderabad,9
5443,212,2024-09-21,Electronics,3058,3,UPI,Cancelled,Pune,8
5444,358,2024-01-11,Clothing,1871,3,Card,Returned,Delhi,7
5445,395,2024-11-09,Beauty,2725,2,UPI,Returned,Pune,9
5446,430,2024-01-31,Clothing,3944,1,UPI,Delivered,Pune,5
5447,172,2024-02-25,Electronics,4928,3,NetBanking,Cancelled,Pune,3
5448,449,2024-11-18,Home,3509,2,NetBanking,Returned,Pune,9
5449,104,2024-05-08,Books,1027,1,Cash,Delivered,Delhi,4
5450,100,2024-11-01,Books,3451,1,Cash,Returned,Bangalore,5
5451,280,2024-06-14,Clothing,4143,4,Cash,Returned,Delhi,8
5452,213,2024-12-24,Beauty,4980,3,NetBanking,Returned,Pune,3
5453,120,2024-04-10,Electronics,1571,2,Cash,Cancelled,Delhi,9
5454,224,2024-08-01,Books,926,3,NetBanking,Delivered,Delhi,5
5455,477,2024-06-10,Beauty,628,4,Card,Cancelled,Pune,2
5456,131,2024-03-28,Beauty,3659,3,UPI,Returned,Delhi,9
5457,468,2024-09-18,Home,2151,3,UPI,Returned,Delhi,4
5458,149,2024-10-02,Clothing,4588,4,UPI,Cancelled,Bangalore,3
5459,468,2024-04-14,Clothing,424,3,UPI,Delivered,Pune,2
5460,334,2024-09-15,Electronics,1383,2,UPI,Cancelled,Mumbai,3
5461,250,2024-10-09,Beauty,1412,1,Cash,Delivered,Mumbai,1
5462,258,2024-09-18,Books,1974,4,Card,Returned,Hyderabad,1
5463,214,2024-05-19,Electronics,2218,2,UPI,Delivered,Bangalore,6
5464,420,2024-03-02,Electronics,3653,1,UPI,Returned,Bangalore,6
5465,262,2024-02-17,Electronics,2689,4,Cash,Returned,Delhi,2
5466,184,2024-02-08,Books,1670,3,NetBanking,Delivered,Bangalore,9
5467,179,2024-04-07,Electronics,324,1,Card,Delivered,Pune,4
5468,494,2024-06-23,Home,758,3,Card,Cancelled,Mumbai,9
5469,100,2024-01-21,Books,4799,4,Cash,Delivered,Delhi,3
5470,484,2024-07-03,Beauty,2205,4,NetBanking,Cancelled,Hyderabad,8
5471,326,2024-03-09,Books,2741,4,Card,Cancelled,Delhi,3
5472,263,2024-03-02,Clothing,1110,3,NetBanking,Delivered,Mumbai,3
5473,219,2024-09-19,Clothing,4790,1,Card,Cancelled,Pune,7
5474,218,2024-05-31,Beauty,4171,1,Card,Delivered,Pune,2
5475,256,2024-07-26,Beauty,4820,1,Cash,Returned,Delhi,2
5476,391,2024-06-25,Clothing,4785,3,Card,Cancelled,Pune,6
5477,441,2024-04-03,Electronics,1094,2,Cash,Delivered,Delhi,9
5478,273,2024-06-13,Books,4648,4,NetBanking,Returned,Bangalore,9
5479,444,2024-05-15,Books,2891,3,Card,Delivered,Delhi,4
5480,314,2024-02-17,Home,2518,4,Cash,Returned,Pune,6
5481,187,2024-04-19,Electronics,3495,3,Card,Cancelled,Bangalore,8
5482,343,2024-09-09,Clothing,3689,1,Card,Returned,Mumbai,7
5483,495,2024-05-06,Electronics,727,1,Cash,Delivered,Hyderabad,1
5484,476,2024-03-10,Electronics,4147,2,Cash,Cancelled,Delhi,8
5485,111,2024-04-22,Home,1355,3,Cash,Delivered,Pune,4
5486,473,2024-08-04,Beauty,3135,4,Cash,Delivered,Delhi,8
5487,422,2024-11-26,Home,1567,2,Card,Cancelled,Hyderabad,9
5488,193,2024-03-02,Beauty,3336,4,Card,Delivered,Pune,3
5489,459,2024-10-12,Beauty,3921,4,UPI,Delivered,Hyderabad,2
5490,461,2024-11-03,Clothing,3332,1,Cash,Cancelled,Hyderabad,3
5491,410,2024-08-30,Beauty,1026,3,Card,Delivered,Bangalore,8
5492,270,2024-06-19,Books,240,3,NetBanking,Cancelled,Pune,4
5493,350,2024-07-01,Electronics,814,4,NetBanking,Returned,Mumbai,8
5494,492,2024-03-30,Books,3246,4,NetBanking,Cancelled,Bangalore,1
5495,266,2024-04-30,Beauty,1680,2,Card,Cancelled,Bangalore,8
5496,190,2024-01-23,Home,3903,4,Card,Delivered,Hyderabad,3
5497,245,2024-09-29,Home,3235,3,NetBanking,Delivered,Delhi,7
5498,244,2024-07-27,Home,2132,1,Card,Delivered,Pune,8
5499,171,2024-03-17,Electronics,3971,3,NetBanking,Delivered,Pune,9
5500,218,2024-09-12,Beauty,2891,1,Cash,Cancelled,Hyderabad,1
5501,156,2024-11-02,Clothing,990,3,UPI,Cancelled,Mumbai,3
5502,345,2024-01-27,Clothing,1944,3,NetBanking,Delivered,Pune,5
5503,360,2024-09-01,Home,4438,1,Cash,Returned,Bangalore,5
5504,354,2024-06-14,Books,510,2,UPI,Delivered,Mumbai,1
5505,274,2024-08-02,Home,4389,2,Card,Cancelled,Delhi,6
5506,167,2024-07-12,Books,3289,3,Card,Delivered,Bangalore,4
5507,340,2024-06-08,Electronics,1766,2,NetBanking,Returned,Bangalore,3
5508,315,2024-02-11,Clothing,2760,4,UPI,Returned,Bangalore,2
5509,384,2024-02-16,Electronics,2823,1,UPI,Cancelled,Bangalore,4
5510,272,2024-08-08,Books,1734,2,NetBanking,Delivered,Delhi,3
5511,392,2024-09-09,Home,819,2,NetBanking,Returned,Mumbai,7
5512,131,2024-09-17,Beauty,1560,2,Cash,Returned,Delhi,9
5513,404,2024-12-21,Beauty,378,3,Cash,Cancelled,Delhi,8
5514,140,2024-06-25,Clothing,1410,1,Card,Returned,Pune,8
5515,222,2024-04-01,Beauty,4109,1,Cash,Returned,Bangalore,3
5516,287,2024-12-22,Electronics,4367,1,Card,Cancelled,Bangalore,6
5517,355,2024-06-26,Beauty,3077,4,UPI,Delivered,Pune,7
5518,420,2024-08-06,Home,549,1,NetBanking,Cancelled,Pune,4
5519,128,2024-05-17,Beauty,4146,4,UPI,Cancelled,Mumbai,8
5520,107,2024-01-27,Clothing,3043,3,Card,Returned,Hyderabad,9
5521,143,2024-10-12,Electronics,920,4,NetBanking,Cancelled,Bangalore,6
5522,446,2024-08-30,Home,4726,2,NetBanking,Cancelled,Bangalore,7
5523,233,2024-12-28,Beauty,4000,1,Card,Cancelled,Hyderabad,8
5524,432,2024-03-09,Electronics,2143,4,UPI,Cancelled,Delhi,1
5525,421,2024-12-14,Clothing,4932,4,Cash,Delivered,Delhi,8
5526,313,2024-12-14,Books,3090,2,NetBanking,Delivered,Pune,3
5527,189,2024-09-28,Books,223,4,Cash,Delivered,Hyderabad,6
5528,280,2024-04-20,Clothing,4029,2,Card,Cancelled,Delhi,6
5529,189,2024-01-25,Clothing,1564,4,UPI,Returned,Delhi,2
5530,478,2024-10-12,Books,826,2,UPI,Returned,Bangalore,2
5531,121,2024-09-06,Home,2272,2,Cash,Delivered,Bangalore,5
5532,202,2024-01-02,Home,1610,3,NetBanking,Returned,Pune,9
5533,207,2024-01-20,Electronics,1595,2,NetBanking,Returned,Bangalore,3
5534,476,2024-12-27,Electronics,214,4,NetBanking,Cancelled,Hyderabad,7
5535,265,2024-10-29,Electronics,2378,4,UPI,Delivered,Pune,3
5536,381,2024-12-18,Home,2853,4,NetBanking,Returned,Hyderabad,8
5537,482,2024-03-23,Home,1015,1,Cash,Delivered,Mumbai,5
5538,168,2024-03-29,Books,4492,1,NetBanking,Returned,Delhi,5
5539,250,2024-09-02,Books,1205,1,UPI,Returned,Mumbai,6
5540,132,2024-09-13,Home,1022,2,UPI,Returned,Delhi,8
5541,419,2024-07-03,Beauty,2035,2,UPI,Cancelled,Hyderabad,2
5542,326,2024-07-26,Electronics,3175,2,Cash,Cancelled,Mumbai,8
5543,110,2024-10-07,Beauty,4099,1,Cash,Delivered,Bangalore,6
5544,433,2024-12-20,Home,3578,1,UPI,Delivered,Mumbai,9
5545,263,2024-05-06,Home,2093,1,NetBanking,Cancelled,Delhi,3
5546,138,2024-07-21,Electronics,305,2,NetBanking,Delivered,Pune,2
5547,459,2024-08-03,Beauty,1672,2,NetBanking,Returned,Bangalore,9
5548,212,2024-02-04,Clothing,2709,2,NetBanking,Delivered,Bangalore,6
5549,100,2024-10-03,Beauty,3174,2,UPI,Delivered,Mumbai,1
5550,182,2024-11-07,Books,655,3,UPI,Delivered,Delhi,3
5551,362,2024-02-22,Beauty,1517,3,NetBanking,Returned,Mumbai,4
5552,358,2024-11-19,Electronics,3197,4,UPI,Returned,Bangalore,2
5553,114,2024-12-30,Electronics,4536,4,NetBanking,Returned,Bangalore,1
5554,274,2024-09-26,Clothing,3178,2,Cash,Cancelled,Hyderabad,5
5555,422,2024-03-31,Books,1638,1,Cash,Returned,Bangalore,4
5556,387,2024-10-15,Clothing,3242,3,Cash,Delivered,Hyderabad,3
5557,492,2024-01-16,Home,2003,3,Card,Delivered,Mumbai,7
5558,177,2024-08-23,Home,1316,2,Cash,Delivered,Bangalore,1
5559,269,2024-08-02,Home,3757,2,Card,Cancelled,Pune,8
5560,254,2024-11-13,Electronics,498,1,UPI,Delivered,Delhi,4
5561,203,2024-05-09,Home,4047,3,Cash,Delivered,Pune,5
5562,374,2024-08-01,Clothing,2117,4,NetBanking,Returned,Bangalore,5
5563,440,2024-08-16,Clothing,3595,2,Cash,Delivered,Bangalore,9
5564,123,2024-05-22,Books,4134,3,UPI,Delivered,Hyderabad,7
5565,283,2024-01-09,Electronics,1250,2,Cash,Returned,Bangalore,5
5566,448,2024-04-02,Electronics,437,4,Cash,Delivered,Hyderabad,4
5567,479,2024-01-20,Beauty,2996,3,Card,Delivered,Pune,4
5568,307,2024-05-11,Home,3361,1,Cash,Returned,Mumbai,1
5569,401,2024-03-14,Beauty,2475,2,Card,Delivered,Mumbai,2
5570,453,2024-12-12,Electronics,4990,2,Card,Delivered,Bangalore,5
5571,357,2024-05-31,Clothing,764,4,NetBanking,Delivered,Mumbai,4
5572,380,2024-06-20,Clothing,3404,2,Card,Returned,Mumbai,1
5573,203,2024-03-06,Books,2087,1,Cash,Cancelled,Bangalore,2
5574,414,2024-10-30,Electronics,3035,2,UPI,Delivered,Pune,8
5575,392,2024-01-24,Clothing,4237,2,Cash,Returned,Delhi,8
5576,142,2024-08-07,Books,2349,2,NetBanking,Delivered,Hyderabad,8
5577,147,2024-08-26,Home,747,1,UPI,Returned,Mumbai,4
5578,442,2024-12-28,Beauty,3868,2,UPI,Delivered,Pune,3
5579,485,2024-02-29,Home,4212,2,NetBanking,Delivered,Delhi,5
5580,184,2024-07-29,Beauty,1515,4,UPI,Delivered,Delhi,7
5581,300,2024-06-08,Clothing,2024,1,Card,Cancelled,Hyderabad,1
5582,443,2024-03-25,Books,398,3,UPI,Delivered,Mumbai,8
5583,274,2024-09-16,Home,4246,1,UPI,Delivered,Hyderabad,8
5584,407,2024-06-29,Home,1317,3,NetBanking,Returned,Bangalore,2
5585,481,2024-12-26,Clothing,4408,3,NetBanking,Delivered,Bangalore,8
5586,127,2024-02-09,Books,2281,2,NetBanking,Returned,Bangalore,1
5587,391,2024-03-31,Beauty,3723,2,NetBanking,Returned,Pune,2
5588,306,2024-02-24,Books,434,4,Cash,Returned,Pune,6
5589,250,2024-12-18,Electronics,2089,4,Card,Delivered,Hyderabad,9
5590,216,2024-04-28,Home,3916,1,NetBanking,Cancelled,Mumbai,7
5591,189,2024-01-27,Clothing,1862,1,NetBanking,Delivered,Hyderabad,9
5592,217,2024-02-29,Clothing,3883,2,NetBanking,Returned,Delhi,6
5593,289,2024-10-29,Clothing,4754,2,UPI,Returned,Bangalore,8
5594,381,2024-08-04,Electronics,1197,1,Card,Returned,Pune,3
5595,130,2024-08-07,Books,3279,3,Card,Cancelled,Bangalore,4
5596,206,2024-10-31,Home,370,3,Card,Delivered,Delhi,5
5597,176,2024-01-18,Home,4187,2,NetBanking,Delivered,Pune,8
5598,443,2024-03-16,Electronics,2678,1,UPI,Cancelled,Mumbai,5
5599,458,2024-08-14,Electronics,2059,2,Card,Delivered,Delhi,2
5600,349,2024-02-25,Clothing,697,4,Card,Cancelled,Mumbai,6
5601,348,2024-10-30,Books,3880,3,Card,Returned,Mumbai,8
5602,188,2024-07-17,Electronics,3968,2,Card,Cancelled,Mumbai,2
5603,442,2024-11-21,Books,3037,2,Card,Cancelled,Pune,9
5604,255,2024-03-14,Home,1567,3,Cash,Cancelled,Bangalore,2
5605,486,2024-04-30,Home,3406,4,Card,Delivered,Pune,5
5606,406,2024-09-23,Home,3868,1,NetBanking,Delivered,Hyderabad,8
5607,463,2024-03-18,Beauty,4907,2,Card,Delivered,Hyderabad,3
5608,117,2024-11-06,Clothing,4386,2,NetBanking,Returned,Mumbai,7
5609,152,2024-09-11,Electronics,4761,2,NetBanking,Returned,Mumbai,5
5610,104,2024-11-17,Clothing,2116,1,Cash,Returned,Delhi,4
5611,189,2024-06-12,Electronics,4558,2,Cash,Returned,Mumbai,3
5612,321,2024-05-13,Beauty,1835,2,NetBanking,Delivered,Delhi,9
5613,431,2024-05-12,Beauty,682,3,Card,Returned,Mumbai,2
5614,201,2024-05-19,Beauty,234,2,Cash,Cancelled,Hyderabad,6
5615,354,2024-11-14,Books,4922,2,Cash,Returned,Pune,5
5616,323,2024-02-20,Beauty,1247,3,UPI,Returned,Hyderabad,9
5617,158,2024-02-18,Electronics,2273,4,NetBanking,Delivered,Delhi,2
5618,103,2024-10-01,Beauty,1034,3,Cash,Returned,Mumbai,9
5619,348,2024-05-17,Books,3797,1,Card,Returned,Mumbai,7
5620,331,2024-05-12,Books,4835,3,UPI,Cancelled,Bangalore,9
5621,162,2024-01-28,Beauty,539,4,Card,Delivered,Mumbai,1
5622,100,2024-07-08,Clothing,4091,1,Card,Returned,Mumbai,7
5623,464,2024-06-02,Clothing,1032,4,NetBanking,Delivered,Mumbai,4
5624,220,2024-05-10,Beauty,2439,4,Cash,Delivered,Pune,9
5625,179,2024-12-25,Electronics,2480,3,Cash,Returned,Pune,8
5626,345,2024-10-24,Home,732,1,UPI,Returned,Mumbai,8
5627,200,2024-01-17,Beauty,3100,4,UPI,Returned,Pune,9
5628,144,2024-11-11,Clothing,2685,4,Cash,Returned,Mumbai,7
5629,241,2024-03-06,Home,4889,2,Cash,Returned,Delhi,4
5630,196,2024-10-27,Clothing,694,3,Card,Returned,Hyderabad,2
5631,216,2024-12-20,Clothing,3920,3,UPI,Returned,Bangalore,2
5632,155,2024-10-13,Beauty,2940,2,NetBanking,Delivered,Hyderabad,1
5633,282,2024-10-29,Electronics,3125,1,Cash,Returned,Delhi,6
5634,431,2024-10-21,Clothing,3877,3,NetBanking,Cancelled,Delhi,4
5635,335,2024-08-06,Electronics,336,3,UPI,Returned,Bangalore,8
5636,293,2024-11-27,Home,609,3,Card,Delivered,Pune,7
5637,452,2024-03-08,Books,2262,3,NetBanking,Cancelled,Mumbai,3
5638,331,2024-07-05,Home,4257,2,Card,Cancelled,Pune,8
5639,490,2024-06-10,Clothing,1651,2,NetBanking,Returned,Mumbai,9
5640,404,2024-07-05,Clothing,804,4,Card,Cancelled,Mumbai,6
5641,487,2024-03-04,Electronics,3300,2,UPI,Delivered,Bangalore,3
5642,155,2024-04-23,Beauty,3354,4,NetBanking,Cancelled,Pune,3
5643,488,2024-05-22,Home,630,3,Card,Cancelled,Delhi,8
5644,319,2024-10-15,Electronics,3000,4,NetBanking,Delivered,Delhi,2
5645,204,2024-08-31,Home,2537,2,UPI,Delivered,Bangalore,2
5646,386,2024-07-12,Clothing,1553,3,Card,Returned,Pune,8
5647,382,2024-06-13,Clothing,4752,4,Cash,Returned,Hyderabad,7
5648,402,2024-11-15,Books,3742,2,NetBanking,Returned,Hyderabad,2
5649,155,2024-10-03,Electronics,3071,2,NetBanking,Returned,Delhi,7
5650,141,2024-01-22,Beauty,291,4,Card,Cancelled,Bangalore,9
5651,410,2024-04-27,Books,4620,4,Cash,Delivered,Hyderabad,7
5652,382,2024-04-28,Books,1986,3,UPI,Returned,Pune,7
5653,191,2024-09-27,Books,2113,1,Cash,Delivered,Delhi,2
5654,317,2024-10-09,Beauty,1319,2,Cash,Cancelled,Hyderabad,2
5655,249,2024-12-14,Beauty,2630,4,UPI,Cancelled,Pune,5
5656,336,2024-02-23,Beauty,3113,3,Cash,Delivered,Hyderabad,4
5657,302,2024-09-24,Books,650,3,NetBanking,Cancelled,Hyderabad,6
5658,453,2024-06-26,Electronics,2148,4,Cash,Cancelled,Delhi,7
5659,137,2024-03-06,Books,4078,1,Card,Returned,Delhi,7
5660,400,2024-12-23,Beauty,1062,1,Cash,Returned,Bangalore,8
5661,277,2024-05-16,Clothing,2882,4,NetBanking,Returned,Pune,5
5662,310,2024-04-24,Home,1686,2,UPI,Cancelled,Hyderabad,2
5663,401,2024-04-09,Clothing,3999,2,NetBanking,Returned,Pune,5
5664,437,2024-03-30,Clothing,3762,2,Cash,Cancelled,Hyderabad,3
5665,411,2024-03-15,Books,3478,3,NetBanking,Cancelled,Delhi,2
5666,373,2024-03-29,Electronics,1426,1,Cash,Returned,Delhi,8
5667,326,2024-04-06,Clothing,3408,3,NetBanking,Delivered,Mumbai,3
5668,474,2024-09-17,Home,1668,4,UPI,Delivered,Mumbai,8
5669,177,2024-01-25,Clothing,4875,4,Card,Cancelled,Hyderabad,5
5670,162,2024-04-25,Home,3600,1,Card,Returned,Bangalore,8
5671,147,2024-04-12,Home,1854,1,UPI,Cancelled,Pune,3
5672,169,2024-11-16,Home,4213,4,Cash,Delivered,Mumbai,7
5673,140,2024-03-02,Beauty,1668,4,Cash,Returned,Delhi,3
5674,407,2024-01-26,Books,230,4,UPI,Returned,Pune,5
5675,165,2024-03-14,Beauty,3937,2,Card,Cancelled,Bangalore,5
5676,132,2024-04-22,Clothing,4627,3,Card,Delivered,Mumbai,6
5677,280,2024-10-20,Clothing,3118,3,Cash,Cancelled,Delhi,7
5678,471,2024-10-09,Clothing,3802,3,Cash,Returned,Mumbai,8
5679,299,2024-11-15,Home,1019,1,Cash,Returned,Mumbai,5
5680,488,2024-09-03,Home,2827,1,Cash,Returned,Pune,9
5681,129,2024-11-03,Electronics,4785,3,NetBanking,Cancelled,Delhi,1
5682,176,2024-03-04,Books,2365,1,Cash,Delivered,Bangalore,1
5683,456,2024-09-22,Home,4423,1,NetBanking,Cancelled,Pune,1
5684,100,2024-09-01,Home,3147,2,Cash,Returned,Hyderabad,3
5685,329,2024-10-20,Clothing,4069,3,Card,Delivered,Bangalore,6
5686,102,2024-09-29,Home,1703,2,UPI,Delivered,Delhi,5
5687,403,2024-07-06,Home,1932,1,UPI,Cancelled,Mumbai,6
5688,441,2024-10-04,Electronics,4881,3,Card,Cancelled,Delhi,2
5689,378,2024-04-04,Electronics,2142,2,UPI,Cancelled,Delhi,9
5690,429,2024-02-25,Electronics,4633,1,UPI,Delivered,Delhi,8
5691,442,2024-03-10,Clothing,3543,2,Cash,Cancelled,Bangalore,1
5692,219,2024-01-14,Home,4948,2,UPI,Returned,Mumbai,5
5693,443,2024-05-11,Books,2473,1,UPI,Returned,Mumbai,2
5694,152,2024-05-27,Books,4487,4,NetBanking,Cancelled,Delhi,3
5695,366,2024-08-24,Clothing,1733,3,Cash,Cancelled,Hyderabad,8
5696,236,2024-01-10,Electronics,3798,3,Cash,Delivered,Hyderabad,9
5697,431,2024-05-18,Home,4985,1,Cash,Cancelled,Bangalore,1
5698,219,2024-02-13,Beauty,2179,3,Cash,Returned,Hyderabad,9
5699,395,2024-08-18,Electronics,2070,2,Cash,Returned,Hyderabad,1
5700,412,2024-07-07,Home,4126,1,NetBanking,Returned,Mumbai,1
5701,423,2024-09-15,Electronics,3059,4,NetBanking,Cancelled,Delhi,1
5702,215,2024-04-02,Electronics,976,4,NetBanking,Cancelled,Hyderabad,4
5703,427,2024-06-16,Beauty,2357,2,Card,Cancelled,Mumbai,6
5704,212,2024-09-05,Home,3460,3,UPI,Returned,Bangalore,3
5705,372,2024-07-06,Beauty,4473,2,NetBanking,Delivered,Bangalore,6
5706,170,2024-01-13,Books,4339,4,Cash,Delivered,Bangalore,6
5707,363,2024-05-24,Home,759,1,Cash,Returned,Hyderabad,1
5708,433,2024-01-31,Electronics,3941,2,Cash,Cancelled,Delhi,3
5709,116,2024-12-12,Beauty,2006,1,Card,Returned,Mumbai,8
5710,352,2024-05-16,Books,2418,2,UPI,Returned,Hyderabad,3
5711,102,2024-10-01,Electronics,1254,1,Cash,Cancelled,Mumbai,4
5712,459,2024-04-08,Clothing,1722,4,Cash,Delivered,Mumbai,2
5713,232,2024-08-03,Home,1013,4,UPI,Delivered,Delhi,1
5714,129,2024-05-31,Clothing,2040,4,Card,Returned,Hyderabad,2
5715,329,2024-01-04,Books,661,3,NetBanking,Returned,Delhi,9
5716,433,2024-08-01,Books,1047,4,UPI,Delivered,Hyderabad,9
5717,291,2024-07-05,Electronics,1108,4,Cash,Delivered,Pune,8
5718,380,2024-12-14,Books,1739,1,NetBanking,Delivered,Bangalore,3
5719,292,2024-05-25,Clothing,4339,2,UPI,Delivered,Bangalore,6
5720,313,2024-06-26,Electronics,774,3,Cash,Cancelled,Bangalore,5
5721,455,2024-10-03,Electronics,416,1,UPI,Delivered,Pune,4
5722,207,2024-02-11,Beauty,2126,4,Cash,Returned,Pune,7
5723,339,2024-10-28,Electronics,1803,2,Card,Returned,Hyderabad,7
5724,318,2024-11-03,Beauty,4816,1,UPI,Delivered,Hyderabad,2
5725,321,2024-08-12,Beauty,2504,1,NetBanking,Returned,Mumbai,9
5726,307,2024-10-17,Electronics,1067,2,UPI,Delivered,Pune,2
5727,232,2024-10-30,Clothing,1437,2,Cash,Delivered,Delhi,4
5728,249,2024-12-25,Home,1769,2,NetBanking,Cancelled,Mumbai,8
5729,338,2024-11-02,Home,4965,4,UPI,Cancelled,Bangalore,8
5730,255,2024-12-21,Clothing,2860,1,Card,Cancelled,Mumbai,9
5731,476,2024-01-29,Home,2256,4,NetBanking,Cancelled,Pune,7
5732,185,2024-03-19,Books,4734,3,Cash,Cancelled,Mumbai,9
5733,381,2024-09-23,Home,4453,4,Card,Returned,Hyderabad,9
5734,465,2024-11-20,Books,4277,2,NetBanking,Returned,Bangalore,2
5735,105,2024-07-18,Books,1287,4,UPI,Returned,Delhi,4
5736,484,2024-10-24,Books,2310,2,UPI,Delivered,Mumbai,8
5737,273,2024-02-26,Electronics,3956,4,NetBanking,Delivered,Mumbai,3
5738,373,2024-03-07,Home,2345,2,UPI,Cancelled,Mumbai,8
5739,430,2024-07-28,Books,2364,3,Cash,Cancelled,Delhi,3
5740,395,2024-04-02,Beauty,1525,2,Cash,Returned,Mumbai,2
5741,251,2024-12-03,Home,982,2,NetBanking,Delivered,Pune,7
5742,294,2024-06-03,Books,4040,3,NetBanking,Delivered,Bangalore,8
5743,432,2024-10-08,Clothing,4680,1,Card,Returned,Bangalore,3
5744,152,2024-07-29,Books,2580,3,Cash,Cancelled,Mumbai,4
5745,380,2024-04-13,Clothing,4933,3,Card,Delivered,Hyderabad,4
5746,102,2024-12-29,Electronics,4075,3,Cash,Returned,Bangalore,3
5747,299,2024-11-06,Clothing,3814,2,Cash,Delivered,Bangalore,2
5748,201,2024-12-28,Home,4037,3,UPI,Cancelled,Pune,7
5749,171,2024-11-02,Electronics,995,1,Cash,Cancelled,Hyderabad,7
5750,351,2024-03-01,Electronics,1605,4,Card,Delivered,Bangalore,6
5751,288,2024-09-29,Home,2338,1,NetBanking,Delivered,Hyderabad,2
5752,333,2024-08-23,Home,817,2,UPI,Delivered,Delhi,2
5753,391,2024-11-06,Books,1572,4,UPI,Cancelled,Delhi,8
5754,452,2024-05-08,Books,968,4,Cash,Delivered,Delhi,7
5755,214,2024-12-10,Beauty,3789,1,Cash,Delivered,Delhi,9
5756,381,2024-03-23,Clothing,424,3,UPI,Delivered,Bangalore,8
5757,269,2024-05-24,Beauty,3259,4,Card,Delivered,Hyderabad,7
5758,312,2024-12-30,Clothing,1308,4,NetBanking,Cancelled,Hyderabad,4
5759,407,2024-03-03,Electronics,2089,1,UPI,Cancelled,Bangalore,9
5760,361,2024-05-14,Electronics,1334,3,Card,Delivered,Mumbai,8
5761,480,2024-09-06,Books,1102,1,NetBanking,Returned,Mumbai,6
5762,355,2024-02-18,Books,1888,2,NetBanking,Cancelled,Hyderabad,5
5763,179,2024-10-13,Clothing,3914,3,Card,Delivered,Pune,2
5764,396,2024-10-02,Home,2839,4,NetBanking,Returned,Delhi,7
5765,360,2024-04-11,Beauty,2317,1,NetBanking,Cancelled,Delhi,5
5766,108,2024-09-20,Books,4735,2,NetBanking,Delivered,Delhi,6
5767,165,2024-02-24,Beauty,2180,1,Card,Returned,Bangalore,8
5768,120,2024-02-12,Beauty,1770,1,Card,Cancelled,Pune,1
5769,358,2024-02-29,Books,3243,4,UPI,Delivered,Hyderabad,4
5770,274,2024-08-07,Beauty,2044,3,Cash,Delivered,Mumbai,3
5771,177,2024-12-01,Home,3369,3,Cash,Returned,Pune,8
5772,364,2024-11-27,Electronics,4330,2,Cash,Cancelled,Bangalore,4
5773,239,2024-12-17,Electronics,1707,2,Cash,Cancelled,Mumbai,9
5774,164,2024-10-21,Electronics,3348,4,UPI,Delivered,Delhi,4
5775,110,2024-10-08,Electronics,2078,3,UPI,Delivered,Pune,8
5776,461,2024-06-12,Home,3037,4,UPI,Returned,Pune,4
5777,220,2024-01-23,Books,3585,1,UPI,Delivered,Delhi,7
5778,469,2024-01-18,Beauty,2311,1,Cash,Delivered,Pune,8
5779,383,2024-01-26,Home,4583,4,UPI,Returned,Pune,3
5780,131,2024-11-22,Home,4169,2,Card,Returned,Pune,2
5781,495,2024-05-14,Books,2727,2,UPI,Delivered,Delhi,6
5782,131,2024-11-22,Books,4307,3,Cash,Delivered,Mumbai,3
5783,389,2024-11-28,Electronics,3595,3,NetBanking,Returned,Hyderabad,9
5784,365,2024-10-31,Home,3019,4,UPI,Delivered,Delhi,1
5785,321,2024-04-03,Books,2556,4,NetBanking,Delivered,Mumbai,7
5786,434,2024-09-03,Electronics,4815,4,UPI,Returned,Bangalore,8
5787,166,2024-04-22,Clothing,1695,1,NetBanking,Cancelled,Pune,5
5788,429,2024-12-07,Electronics,661,4,NetBanking,Cancelled,Bangalore,6
5789,303,2024-07-08,Beauty,1420,4,NetBanking,Returned,Delhi,5
5790,221,2024-07-21,Electronics,3779,3,NetBanking,Cancelled,Mumbai,8
5791,421,2024-11-19,Beauty,4618,3,Card,Cancelled,Pune,5
5792,291,2024-03-22,Beauty,764,4,Cash,Cancelled,Pune,5
5793,181,2024-10-14,Home,3462,4,NetBanking,Delivered,Mumbai,3
5794,233,2024-11-09,Beauty,4836,4,NetBanking,Cancelled,Delhi,9
5795,211,2024-11-13,Clothing,1730,4,NetBanking,Delivered,Mumbai,5
5796,266,2024-10-08,Books,1459,1,Cash,Delivered,Mumbai,7
5797,451,2024-09-22,Books,4003,1,Card,Cancelled,Hyderabad,3
5798,150,2024-09-29,Clothing,4952,2,Cash,Returned,Mumbai,7
5799,242,2024-04-21,Clothing,212,3,Card,Cancelled,Mumbai,8
5800,220,2024-07-20,Electronics,2582,4,Card,Returned,Hyderabad,3
5801,309,2024-07-30,Clothing,4566,1,NetBanking,Delivered,Pune,9
5802,468,2024-03-18,Beauty,3322,3,Cash,Cancelled,Pune,1
5803,361,2024-10-16,Clothing,4201,3,Card,Returned,Pune,5
5804,469,2024-08-10,Home,789,4,Cash,Returned,Hyderabad,2
5805,224,2024-05-25,Clothing,635,1,Card,Cancelled,Hyderabad,6
5806,440,2024-09-23,Books,3604,3,Card,Cancelled,Delhi,8
5807,224,2024-10-04,Clothing,4332,4,NetBanking,Returned,Delhi,4
5808,486,2024-05-08,Electronics,4499,3,UPI,Returned,Pune,8
5809,122,2024-10-18,Clothing,2161,2,Cash,Delivered,Delhi,3
5810,488,2024-10-16,Beauty,4311,1,UPI,Cancelled,Mumbai,6
5811,338,2024-12-12,Beauty,453,2,Card,Returned,Delhi,9
5812,325,2024-08-14,Beauty,3330,4,UPI,Delivered,Hyderabad,8
5813,459,2024-04-15,Clothing,3514,1,Card,Delivered,Bangalore,4
5814,151,2024-09-07,Clothing,511,3,NetBanking,Delivered,Bangalore,5
5815,452,2024-12-26,Home,3565,1,Cash,Cancelled,Mumbai,7
5816,277,2024-12-23,Books,3049,3,Card,Returned,Hyderabad,1
5817,410,2024-01-20,Electronics,557,2,Card,Cancelled,Bangalore,5
5818,494,2024-02-13,Electronics,4709,4,Cash,Delivered,Delhi,9
5819,116,2024-06-13,Clothing,2274,2,Card,Cancelled,Pune,3
5820,475,2024-12-10,Home,925,2,UPI,Cancelled,Bangalore,4
5821,215,2024-04-05,Home,1298,1,NetBanking,Cancelled,Pune,2
5822,399,2024-11-07,Home,4395,3,Cash,Cancelled,Delhi,4
5823,247,2024-03-05,Clothing,1015,2,NetBanking,Delivered,Delhi,2
5824,374,2024-04-11,Electronics,4830,2,Card,Returned,Bangalore,7
5825,310,2024-01-16,Home,1808,1,Cash,Cancelled,Pune,4
5826,100,2024-08-18,Home,792,1,NetBanking,Cancelled,Bangalore,7
5827,112,2024-12-20,Clothing,687,1,NetBanking,Returned,Delhi,3
5828,145,2024-05-13,Electronics,3236,4,Card,Cancelled,Delhi,7
5829,377,2024-06-17,Books,907,3,NetBanking,Cancelled,Bangalore,2
5830,372,2024-02-10,Books,1893,4,Card,Returned,Delhi,8
5831,274,2024-04-19,Beauty,3356,2,Card,Delivered,Bangalore,4
5832,371,2024-10-12,Electronics,4039,3,Card,Delivered,Pune,2
5833,462,2024-05-18,Home,672,4,Card,Delivered,Delhi,8
5834,350,2024-04-03,Clothing,3435,2,Card,Cancelled,Delhi,1
5835,302,2024-12-16,Beauty,2524,2,Cash,Returned,Bangalore,6
5836,189,2024-04-19,Books,3039,2,Card,Cancelled,Pune,2
5837,420,2024-06-07,Electronics,3117,1,Cash,Cancelled,Bangalore,3
5838,188,2024-11-26,Clothing,4513,3,Card,Cancelled,Bangalore,9
5839,132,2024-01-04,Home,3455,3,Cash,Delivered,Hyderabad,4
5840,139,2024-02-15,Clothing,3949,1,Cash,Returned,Delhi,4
5841,276,2024-04-23,Home,2949,1,UPI,Returned,Delhi,7
5842,222,2024-12-03,Beauty,800,2,Cash,Cancelled,Pune,2
5843,139,2024-08-23,Books,993,1,Cash,Delivered,Hyderabad,8
5844,498,2024-03-03,Home,2098,2,Card,Returned,Hyderabad,7
5845,127,2024-06-05,Beauty,290,4,UPI,Cancelled,Delhi,7
5846,341,2024-10-12,Clothing,2248,3,Card,Delivered,Bangalore,2
5847,340,2024-09-13,Books,1467,2,NetBanking,Delivered,Delhi,3
5848,358,2024-03-22,Electronics,716,3,UPI,Cancelled,Hyderabad,6
5849,309,2024-07-13,Home,4208,1,UPI,Returned,Delhi,9
5850,284,2024-07-12,Electronics,2877,2,UPI,Delivered,Delhi,6
5851,229,2024-01-02,Clothing,4823,1,NetBanking,Cancelled,Hyderabad,7
5852,422,2024-08-31,Books,1021,4,Card,Returned,Mumbai,5
5853,342,2024-12-23,Clothing,2986,3,UPI,Returned,Hyderabad,2
5854,130,2024-05-12,Books,3843,4,NetBanking,Delivered,Pune,6
5855,429,2024-08-15,Home,1269,1,Cash,Delivered,Delhi,6
5856,315,2024-08-15,Home,216,2,NetBanking,Delivered,Delhi,2
5857,340,2024-10-03,Beauty,4429,1,Cash,Returned,Delhi,3
5858,424,2024-08-11,Home,3742,4,Cash,Delivered,Hyderabad,7
5859,401,2024-03-29,Electronics,4007,3,UPI,Delivered,Delhi,2
5860,400,2024-03-06,Clothing,2528,2,Card,Delivered,Delhi,6
5861,200,2024-08-23,Books,3748,3,Cash,Cancelled,Mumbai,8
5862,180,2024-11-02,Books,1391,2,NetBanking,Returned,Mumbai,1
5863,169,2024-05-14,Beauty,419,4,Cash,Cancelled,Hyderabad,5
5864,280,2024-02-16,Books,737,1,UPI,Cancelled,Bangalore,3
5865,267,2024-04-15,Books,1235,2,Cash,Cancelled,Delhi,3
5866,337,2024-01-05,Beauty,1672,2,UPI,Delivered,Delhi,5
5867,318,2024-11-16,Home,1029,4,Card,Delivered,Pune,9
5868,452,2024-01-31,Home,903,1,UPI,Cancelled,Hyderabad,2
5869,403,2024-01-19,Electronics,2896,2,UPI,Returned,Mumbai,4
5870,350,2024-04-26,Beauty,2952,2,Cash,Cancelled,Pune,1
5871,227,2024-03-25,Home,2406,4,UPI,Cancelled,Hyderabad,6
5872,177,2024-06-16,Clothing,3592,1,Cash,Delivered,Mumbai,4
5873,395,2024-12-13,Beauty,2267,3,Card,Cancelled,Delhi,8
5874,495,2024-10-30,Clothing,1014,4,UPI,Cancelled,Mumbai,5
5875,453,2024-08-13,Clothing,4831,3,Card,Cancelled,Delhi,6
5876,393,2024-05-10,Home,3241,1,Cash,Returned,Pune,9
5877,410,2024-01-31,Beauty,2744,3,Card,Cancelled,Bangalore,4
5878,188,2024-11-14,Clothing,4975,4,Cash,Delivered,Bangalore,9
5879,221,2024-02-05,Clothing,2741,3,Card,Delivered,Mumbai,4
5880,407,2024-04-05,Clothing,3362,3,Cash,Returned,Pune,4
5881,438,2024-11-20,Beauty,714,4,UPI,Delivered,Pune,8
5882,212,2024-01-20,Clothing,1439,4,UPI,Returned,Bangalore,3
5883,229,2024-05-09,Clothing,1976,4,NetBanking,Returned,Mumbai,6
5884,430,2024-11-20,Clothing,3521,4,NetBanking,Delivered,Pune,8
5885,302,2024-01-07,Clothing,600,1,Card,Delivered,Bangalore,4
5886,148,2024-08-10,Home,3744,1,NetBanking,Cancelled,Bangalore,4
5887,460,2024-11-23,Clothing,3302,4,Card,Returned,Pune,2
5888,102,2024-08-23,Beauty,3551,2,Cash,Returned,Bangalore,6
5889,387,2024-06-04,Home,1527,1,Cash,Delivered,Bangalore,5
5890,259,2024-11-25,Books,799,3,UPI,Returned,Bangalore,2
5891,115,2024-04-23,Clothing,3264,3,NetBanking,Delivered,Pune,8
5892,273,2024-12-14,Beauty,2519,2,Card,Delivered,Mumbai,4
5893,349,2024-02-10,Books,1406,3,NetBanking,Cancelled,Bangalore,7
5894,490,2024-10-25,Home,2939,3,Cash,Cancelled,Delhi,1
5895,184,2024-06-15,Books,662,3,UPI,Returned,Delhi,5
5896,250,2024-05-16,Clothing,934,2,Cash,Returned,Bangalore,6
5897,492,2024-08-16,Books,2042,1,NetBanking,Delivered,Mumbai,6
5898,131,2024-03-15,Home,3861,4,Cash,Cancelled,Pune,3
5899,398,2024-04-04,Beauty,4496,4,UPI,Delivered,Hyderabad,3
5900,429,2024-01-22,Books,3646,3,Card,Returned,Pune,7
5901,447,2024-08-11,Beauty,3489,3,UPI,Cancelled,Pune,6
5902,457,2024-03-10,Home,2981,2,Cash,Cancelled,Delhi,7
5903,414,2024-08-23,Beauty,2577,4,UPI,Cancelled,Mumbai,7
5904,428,2024-11-06,Home,1871,3,UPI,Returned,Bangalore,9
5905,277,2024-08-08,Clothing,1436,2,NetBanking,Delivered,Hyderabad,5
5906,338,2024-12-05,Beauty,2876,1,UPI,Returned,Bangalore,4
5907,484,2024-01-30,Beauty,4998,4,UPI,Delivered,Delhi,9
5908,387,2024-11-12,Electronics,3488,4,NetBanking,Delivered,Bangalore,6
5909,379,2024-01-24,Beauty,2843,4,Cash,Delivered,Delhi,6
5910,196,2024-12-09,Beauty,1211,4,NetBanking,Returned,Hyderabad,9
5911,107,2024-01-24,Books,3651,2,NetBanking,Cancelled,Delhi,3
5912,356,2024-11-18,Home,2585,1,Card,Delivered,Delhi,7
5913,415,2024-12-04,Books,1667,1,Cash,Delivered,Mumbai,4
5914,258,2024-05-21,Clothing,2485,3,UPI,Cancelled,Bangalore,8
5915,350,2024-05-14,Home,1333,3,UPI,Returned,Pune,9
5916,292,2024-05-16,Books,4712,3,UPI,Delivered,Bangalore,6
5917,415,2024-03-21,Beauty,1396,3,NetBanking,Delivered,Delhi,8
5918,332,2024-01-27,Books,2222,3,UPI,Returned,Hyderabad,5
5919,358,2024-11-13,Books,4567,1,UPI,Cancelled,Pune,3
5920,298,2024-12-10,Books,4680,4,Card,Returned,Delhi,7
5921,262,2024-03-17,Books,2480,4,Card,Returned,Hyderabad,5
5922,468,2024-04-21,Home,2961,2,Card,Delivered,Mumbai,2
5923,277,2024-11-17,Electronics,4966,2,NetBanking,Returned,Pune,9
5924,177,2024-09-21,Home,1598,2,Cash,Cancelled,Bangalore,4
5925,465,2024-05-16,Clothing,4697,3,Cash,Delivered,Bangalore,6
5926,346,2024-02-11,Beauty,2251,1,NetBanking,Cancelled,Mumbai,3
5927,128,2024-07-16,Electronics,1665,1,Card,Cancelled,Mumbai,8
5928,488,2024-02-15,Books,4873,2,Cash,Delivered,Bangalore,6
5929,290,2024-08-12,Electronics,1450,2,Card,Returned,Pune,9
5930,403,2024-01-22,Electronics,2378,1,Cash,Delivered,Bangalore,4
5931,248,2024-04-06,Clothing,2795,4,UPI,Returned,Pune,1
5932,245,2024-04-19,Electronics,4553,3,Cash,Returned,Mumbai,6
5933,395,2024-05-26,Home,4824,1,Card,Returned,Mumbai,1
5934,438,2024-04-12,Books,2182,4,Cash,Cancelled,Mumbai,8
5935,187,2024-06-02,Beauty,1601,4,Cash,Returned,Pune,6
5936,114,2024-07-21,Electronics,298,3,Card,Delivered,Bangalore,1
5937,116,2024-09-10,Beauty,2066,1,Card,Returned,Mumbai,5
5938,245,2024-03-24,Electronics,2540,2,NetBanking,Returned,Hyderabad,1
5939,235,2024-05-31,Electronics,910,1,NetBanking,Returned,Delhi,5
5940,417,2024-11-22,Beauty,3793,4,Card,Returned,Hyderabad,2
5941,427,2024-04-29,Home,426,2,UPI,Cancelled,Delhi,3
5942,342,2024-09-21,Beauty,1486,1,Cash,Returned,Mumbai,6
5943,135,2024-02-22,Electronics,4205,3,UPI,Delivered,Mumbai,9
5944,468,2024-05-15,Books,2640,4,UPI,Returned,Pune,4
5945,449,2024-04-14,Clothing,4882,1,NetBanking,Returned,Delhi,7
5946,258,2024-03-22,Books,2726,4,UPI,Delivered,Hyderabad,4
5947,173,2024-11-18,Beauty,3689,1,Card,Returned,Mumbai,2
5948,285,2024-03-05,Beauty,3594,1,Cash,Delivered,Mumbai,9
5949,145,2024-09-18,Home,2205,4,UPI,Returned,Mumbai,8
5950,468,2024-09-06,Home,1084,1,UPI,Cancelled,Mumbai,7
5951,237,2024-03-14,Books,969,2,NetBanking,Returned,Mumbai,6
5952,229,2024-02-06,Books,4004,3,Cash,Cancelled,Pune,6
5953,116,2024-11-03,Books,3641,3,Card,Delivered,Delhi,3
5954,243,2024-06-29,Electronics,703,3,Card,Cancelled,Mumbai,1
5955,206,2024-10-31,Books,4284,4,UPI,Returned,Mumbai,1
5956,318,2024-11-03,Home,2068,3,Cash,Cancelled,Pune,7
5957,221,2024-09-06,Electronics,1064,1,Cash,Cancelled,Bangalore,2
5958,135,2024-11-08,Home,668,1,NetBanking,Returned,Hyderabad,4
5959,119,2024-02-14,Beauty,4635,2,NetBanking,Cancelled,Mumbai,7
5960,169,2024-08-24,Home,2589,3,UPI,Returned,Mumbai,2
5961,433,2024-05-23,Clothing,3715,3,UPI,Cancelled,Hyderabad,6
5962,166,2024-03-05,Electronics,4716,1,Cash,Cancelled,Hyderabad,5
5963,332,2024-11-05,Electronics,3803,4,UPI,Cancelled,Hyderabad,9
5964,394,2024-07-18,Books,3029,4,Cash,Cancelled,Mumbai,4
5965,131,2024-11-05,Home,2614,3,UPI,Returned,Mumbai,5
5966,111,2024-07-26,Electronics,4636,4,NetBanking,Cancelled,Hyderabad,7
5967,314,2024-07-05,Electronics,2303,4,UPI,Returned,Delhi,6
5968,419,2024-03-07,Electronics,3774,3,Card,Delivered,Pune,4
5969,121,2024-09-14,Beauty,1486,3,Card,Cancelled,Pune,9
5970,355,2024-11-07,Electronics,441,4,Card,Cancelled,Bangalore,3
5971,143,2024-11-06,Electronics,4241,3,Cash,Returned,Delhi,7
5972,101,2024-05-28,Home,2522,2,Cash,Cancelled,Delhi,4
5973,242,2024-11-30,Beauty,3017,1,UPI,Returned,Mumbai,1
5974,182,2024-08-18,Home,3572,3,Cash,Cancelled,Mumbai,7
5975,263,2024-03-18,Books,3388,4,Cash,Cancelled,Delhi,5
5976,238,2024-12-12,Clothing,1488,4,NetBanking,Returned,Pune,6
5977,326,2024-06-20,Home,2519,4,UPI,Returned,Pune,4
5978,222,2024-04-19,Home,2906,4,Cash,Cancelled,Pune,9
5979,277,2024-03-08,Clothing,2556,3,NetBanking,Delivered,Delhi,6
5980,106,2024-07-18,Home,750,1,Cash,Delivered,Bangalore,4
5981,366,2024-09-26,Home,2998,1,NetBanking,Cancelled,Hyderabad,6
5982,274,2024-12-04,Electronics,2007,3,Card,Cancelled,Delhi,9
5983,413,2024-12-08,Electronics,1582,3,Cash,Delivered,Pune,5
5984,217,2024-12-24,Books,4062,4,UPI,Delivered,Pune,2
5985,466,2024-07-16,Books,271,2,UPI,Returned,Hyderabad,8
5986,498,2024-04-24,Home,2555,3,UPI,Returned,Pune,3
5987,107,2024-10-03,Beauty,4953,4,Card,Delivered,Pune,5
5988,419,2024-06-16,Electronics,4738,1,NetBanking,Returned,Delhi,8
5989,321,2024-11-29,Books,3178,2,UPI,Cancelled,Hyderabad,1
5990,206,2024-05-27,Clothing,433,1,Card,Cancelled,Hyderabad,5
5991,273,2024-08-19,Electronics,2175,3,Card,Cancelled,Mumbai,5
5992,444,2024-10-21,Home,222,4,NetBanking,Cancelled,Hyderabad,8
5993,144,2024-05-24,Clothing,4171,2,UPI,Returned,Pune,2
5994,300,2024-09-20,Electronics,350,1,NetBanking,Delivered,Mumbai,4
5995,476,2024-10-30,Books,1684,2,Card,Delivered,Hyderabad,2
5996,317,2024-12-20,Home,389,2,NetBanking,Cancelled,Hyderabad,6
5997,131,2024-05-03,Beauty,4471,3,UPI,Returned,Mumbai,3
5998,397,2024-09-03,Clothing,4504,1,UPI,Returned,Pune,9
5999,462,2024-07-26,Books,1831,2,UPI,Delivered,Hyderabad,7
6000,188,2024-06-09,Home,2388,1,UPI,Returned,Bangalore,6
